{"cameraMode":{"drawMode":0,"name":"Shaded","section":"Shading Mode"},"sceneLighting":true,"audioPlay":false,"sceneViewState":{"showFog":true,"showMaterialUpdate":false,"showSkybox":true,"showFlares":true,"showImageEffects":true,"showParticleSystems":true},"in2DMode":false,"pivot":{"x":3.331510066986084,"y":1.5491405725479127,"z":-0.8287546038627625},"rotation":{"x":0.033507902175188068,"y":0.9408857822418213,"z":-0.09773056209087372,"w":0.3225875198841095},"size":0.17980939149856568,"orthographic":false}