{"cameraMode":{"drawMode":0,"name":"Shaded","section":"Shading Mode"},"sceneLighting":false,"audioPlay":false,"sceneViewState":{"showFog":true,"showMaterialUpdate":false,"showSkybox":false,"showFlares":true,"showImageEffects":true,"showParticleSystems":true},"in2DMode":false,"pivot":{"x":-17.4163818359375,"y":126.16100311279297,"z":-25.516223907470704},"rotation":{"x":0.020073868334293367,"y":-0.9558586478233337,"z":0.06723175942897797,"w":0.2859410345554352},"size":17.193138122558595,"orthographic":false}